"genre","freq","artist_names_list","genreart"
"r&b",106,"Janelle Monáe, Bobby V., Jazmine Sullivan, H.E.R., Victoria Monét, T-Pain, Jagged Edge, SZA, Ty Dolla $ign, DAY26, Keri Hilson, Beyoncé, Missy Elliott, Kelly Rowland, 112, Mario, Bryson Tiller, Normani, Ne-Yo, Danity Kane, Aaliyah, SWV, Mýa, Miguel, Jamie Foxx, Lloyd, Kehlani, Brandy, Xscape, Tank, Anita Baker, Teyana Taylor, USHER, Summer Walker, Jhené Aiko, Jeremih, Monica, Brooke Valentine, Jodeci, Ms. Lauryn Hill, Ashanti, Alicia Keys, Boyz II Men, August Alsina, Robin Thicke, Ciara, Deborah Cox, Tamia, Dru Hill, Brent Faiyaz, Case, Tony! Toni! Toné!, Destiny's Child, Next, Mary J. Blige, Lil' Kim, Floetry, Janet Jackson, TLC, Chrisette Michele, Amel Larrieux, Faith Evans, Mase, Kiana Ledé, Brian McKnight, Tevin Campbell, Ella Mai, Jill Scott, Kenny Lattimore, Sisqo, Kandi, Chris Brown, Ginuwine, Blackstreet, Chloe x Halle, PARTYNEXTDOOR, Jaheim, Trey Songz, Joe, 6LACK, Solange, Tyrese, Charlie Wilson, Babyface, Michael Jackson, Avant, KeKe Wyatt, Wale, Toni Braxton, Tinashe, Jon B., dvsn, Sevyn Streeter, India.Arie, Anthony Hamilton, Queen Naija, Lil' Mo, Fantasia, Big Sean, Erykah Badu, H-Town, Teena Marie, Pretty Ricky, Tweet, Keyshia Cole, Bow Wow","https://www.dropbox.com/scl/fi/3wutj2zelwo6x305m4def/1.png?rlkey=0ek6mbo8smvaidcf7mxszseoc&raw=1"
"urban contemporary",91,"Bobby V., Jazmine Sullivan, T-Pain, Jagged Edge, DAY26, Keri Hilson, Missy Elliott, Kelly Rowland, 112, Mario, Ne-Yo, Danity Kane, Maze, DeBarge, Aaliyah, SWV, Mýa, Miguel, Jamie Foxx, Rihanna, Lloyd, Cheryl Lynn, Brandy, Xscape, Anita Baker, Teyana Taylor, USHER, Jeremih, Monica, Brooke Valentine, Jodeci, Ashanti, Boyz II Men, Fabolous, August Alsina, Robin Thicke, Ciara, Deborah Cox, Tamia, Dru Hill, Tony! Toni! Toné!, Destiny's Child, Next, Mary J. Blige, Lil' Kim, Mariah Carey, Floetry, Janet Jackson, TLC, Chrisette Michele, Amel Larrieux, Faith Evans, Mase, Brian McKnight, Tevin Campbell, Ella Mai, Jill Scott, Sisqo, John Legend, Ginuwine, Blackstreet, PARTYNEXTDOOR, Jaheim, Trey Songz, Joe, Nelly, Solange, Tyrese, Charlie Wilson, Shalamar, Babyface, Evelyn ""Champagne"" King, The Whispers, Avant, KeKe Wyatt, Toni Braxton, Jon B., Sevyn Streeter, India.Arie, Anthony Hamilton, Kelis, Ja Rule, Lil' Mo, Fantasia, Loose Ends, H-Town, Teena Marie, Pretty Ricky, Tweet, Keyshia Cole, Bow Wow","https://www.dropbox.com/scl/fi/h0fotzazhmzxxch18nt7m/2.png?rlkey=mk3wrtz4zgvno9lq4epsblp51&raw=1"
"pop",77,"SZA, Pharrell Williams, Beyoncé, Doja Cat, JoJo, Normani, Ne-Yo, Rihanna, BTS, Megan Thee Stallion, The Pussycat Dolls, FLETCHER, Hayley Kiyoko, Dua Lipa, Cardi B, Kehlani, USHER, Ariana Grande, Alicia Keys, Ciara, Nicki Minaj, Christina Aguilera, Fall Out Boy, The 1975, Paramore, Billie Eilish, Khalid, Fifth Harmony, The Neighbourhood, Taylor Swift, P!nk, Destiny's Child, Ed Sheeran, Conan Gray, Mariah Carey, Camila Cabello, Whitney Houston, James Arthur, Justin Timberlake, Katy Perry, The Weeknd, John Legend, will.i.am, Bastille, Olly Alexander (Years & Years), Sam Smith, Sia, Panic! At The Disco, Little Mix, Avril Lavigne, Lady Gaga, Sofia Carson, Carly Rae Jepsen, Post Malone, ZAYN, 5 Seconds of Summer, Flo Rida, Timbaland, Tori Kelly, Bruno Mars, Demi Lovato, Adele, Tinashe, Zedd, Olivia Rodrigo, Jason Mraz, blackbear, *NSYNC, Hailee Steinfeld, Hannah Montana, Natasha Bedingfield, BLACKPINK, Selena Gomez, Zendaya, Melanie Martinez, WILLOW, Miley Cyrus","https://www.dropbox.com/scl/fi/x6gz5cvdqf4on71sxavtc/3.png?rlkey=1uc56a9vpcd10hn7hh9yzonf4&raw=1"
"rap",74,"Lil Wayne, H.E.R., T-Pain, Kanye West, SZA, Missy Elliott, Bryson Tiller, Ludacris, LL COOL J, JAY-Z, Megan Thee Stallion, Busta Rhymes, Cardi B, Kehlani, Pusha T, Yo Gotti, USHER, Summer Walker, 2Pac, Dr. Dre, The Notorious B.I.G., Drake, Fabolous, T.I., Nicki Minaj, Gucci Mane, Brent Faiyaz, Lil' Kim, Diddy, Ella Mai, N.W.A., Juice WRLD, DJ Khaled, Chris Brown, YG, Cordae, Lil Durk, G-Eazy, Lil Baby, Kendrick Lamar, Migos, Metro Boomin, French Montana, PARTYNEXTDOOR, Roddy Ricch, Nelly, 6LACK, Offset, Post Malone, B.o.B, Waka Flocka Flame, Wale, Kodak Black, Juicy J, 2 Chainz, J. Cole, 50 Cent, Bone Thugs-N-Harmony, Childish Gambino, Jeezy, Nas, DMX, Ja Rule, Rick Ross, Big Sean, 21 Savage, Eminem, Meek Mill, PnB Rock, Freddie Gibbs, Ice Cube, Young Money, Bow Wow, Snoop Dogg","https://www.dropbox.com/scl/fi/0oowpy4ywu8944pv6rm2v/4.png?rlkey=bfip6phno5tmp92nah11bt7tw&raw=1"
"hip hop",58,"Lil Wayne, T-Pain, Kanye West, Ty Dolla $ign, Missy Elliott, Ludacris, LL COOL J, JAY-Z, Busta Rhymes, Pusha T, 2Pac, Dr. Dre, Big Boi, EPMD, Fugees, Ms. Lauryn Hill, The Notorious B.I.G., Drake, Fabolous, T.I., Gucci Mane, Lil' Kim, Mase, Diddy, N.W.A., DJ Khaled, YG, Cordae, Lil Durk, Kendrick Lamar, Migos, French Montana, Nelly, Offset, André 3000, Will Smith, Wreckx-N-Effect, 2 Chainz, J. Cole, 50 Cent, Bone Thugs-N-Harmony, Geto Boys, Childish Gambino, Nas, Mobb Deep, DMX, AZ, Ja Rule, Rick Ross, Big Sean, 21 Savage, Makaveli, Eminem, Meek Mill, Freddie Gibbs, Anderson .Paak, Ice Cube, Snoop Dogg","https://www.dropbox.com/scl/fi/vijuo6mkssrree55tz26h/7.png?rlkey=jc13i7mpdqlvev1siee99vgpy&raw=1"
"dance pop",55,"T-Pain, Pharrell Williams, Keri Hilson, Missy Elliott, Kelly Rowland, Doja Cat, Mario, Ludacris, JoJo, Ne-Yo, Danity Kane, Aaliyah, The Pussycat Dolls, The Veronicas, Dua Lipa, Brandy, USHER, Lil Jon, Ashanti, Robin Thicke, Ciara, Christina Aguilera, P!nk, Robyn, Destiny's Child, Mary J. Blige, Lil' Kim, Mariah Carey, Camila Cabello, Whitney Houston, Janet Jackson, TLC, Diddy, Justin Timberlake, Akon, will.i.am, Olly Alexander (Years & Years), Avril Lavigne, Lady Gaga, Trey Songz, Nelly, Carly Rae Jepsen, Flo Rida, B.o.B, Timbaland, Bruno Mars, Toni Braxton, Tinashe, Jason Mraz, *NSYNC, Natasha Bedingfield, Kelis, Ja Rule, Dido, Bow Wow","https://www.dropbox.com/scl/fi/pc1syf9qzfwryvspc538n/5.png?rlkey=3nh6qq4os2y69rhr7uyc6bxoo&raw=1"
"contemporary r&b",51,"Bobby V., Jagged Edge, 112, DeBarge, Aaliyah, SWV, Mýa, Jamie Foxx, Brandy, Xscape, USHER, Monica, Jodeci, Boyz II Men, Deborah Cox, Tamia, Dru Hill, Case, Tony! Toni! Toné!, Next, Floetry, TLC, Chrisette Michele, Faith Evans, Mase, Brian McKnight, Tevin Campbell, Kenny Lattimore, Sisqo, Kandi, Ginuwine, Blackstreet, Glenn Lewis, Jaheim, Joe, Tyrese, Charlie Wilson, Chlöe, Babyface, After 7, Avant, KeKe Wyatt, Toni Braxton, Jon B., Anthony Hamilton, Lil' Mo, Fantasia, Loose Ends, H-Town, Teena Marie, Tweet","https://www.dropbox.com/scl/fi/vmn8v62yc74x21ti6j10k/6.png?rlkey=j74zvrycbgrkkcadojn3ihdcx&raw=1"
"hip pop",47,"Bobby V., Jazmine Sullivan, DAY26, Keri Hilson, Missy Elliott, Kelly Rowland, 112, Danity Kane, Aaliyah, SWV, Mýa, Jamie Foxx, Lloyd, Brandy, Xscape, Teyana Taylor, Monica, Brooke Valentine, Ashanti, Ciara, Nicki Minaj, Tamia, Mary J. Blige, Lil' Kim, Floetry, TLC, Chrisette Michele, Faith Evans, Mase, Diddy, Jill Scott, Sisqo, Shawnna, Kandi, Ginuwine, Tyrese, Khia, KeKe Wyatt, Sevyn Streeter, Kelis, Ja Rule, Lil' Mo, Fantasia, Pretty Ricky, Tweet, Keyshia Cole, Bow Wow","https://www.dropbox.com/scl/fi/fyf4sjq274ndqn2a4ni8b/8.png?rlkey=a0ee0ipxvelhy91tny81aqi7y&raw=1"
"pop rap",45,"Lil Wayne, T-Pain, Ty Dolla $ign, Missy Elliott, Ludacris, JAY-Z, Jamie Foxx, Lloyd, Busta Rhymes, Pusha T, Jeremih, Lil Jon, Drake, Fabolous, August Alsina, Robin Thicke, T.I., Gucci Mane, Lil' Kim, Diddy, DJ Khaled, YG, Cordae, Lil Durk, G-Eazy, Migos, French Montana, Nelly, Offset, Will Smith, Flo Rida, B.o.B, Timbaland, Waka Flocka Flame, Wale, Juicy J, 2 Chainz, 50 Cent, Ja Rule, Big Sean, IDK, Meek Mill, Young Money, Bow Wow, Snoop Dogg","https://www.dropbox.com/scl/fi/upp3wu4yr333a77m196si/9.png?rlkey=792dc6n4saw16ndkvxt0xxot2&raw=1"
"trap",44,"Lil Wayne, T-Pain, Ty Dolla $ign, Big K.R.I.T., Ludacris, Jamie Foxx, Lloyd, Pusha T, Yo Gotti, Jeremih, Lil Jon, Fabolous, August Alsina, Trinidad James, T.I., Gucci Mane, YG, Cordae, Lil Durk, Lil Baby, Migos, French Montana, Twista, Trey Songz, Roddy Ricch, 6LACK, Offset, Waka Flocka Flame, Roscoe Dash, Wale, Kodak Black, Juicy J, 2 Chainz, Jeezy, Rick Ross, Big Sean, Meek Mill, PnB Rock, Shy Glizzy, Pretty Ricky, Yung Bleu, Young Money, Swizz Beatz, Bow Wow","https://www.dropbox.com/scl/fi/rx9a7eo4jkm2mi9htl7rn/10.png?rlkey=nogecx22lo078rmp541l67hr0&raw=1"
"southern hip hop",41,"Bobby V., T-Pain, Ty Dolla $ign, Mario, Big K.R.I.T., Ludacris, Jamie Foxx, Lloyd, Pusha T, Yo Gotti, GloRilla, Jeremih, Lil Jon, Big Boi, August Alsina, T.I., Gucci Mane, Lil' Kim, Mase, YG, Migos, French Montana, Trey Songz, André 3000, Lil Jon & The East Side Boyz, Ying Yang Twins, B.o.B, Waka Flocka Flame, Roscoe Dash, Wale, Juicy J, 2 Chainz, Chamillionaire, Jeezy, Rick Ross, Big Sean, Meek Mill, Pretty Ricky, Young Money, Swizz Beatz, Bow Wow","https://www.dropbox.com/scl/fi/3wutj2zelwo6x305m4def/1.png?rlkey=0ek6mbo8smvaidcf7mxszseoc&raw=1"
"soul",40,"The Temptations, Maze, Cameo, The Isley Brothers, Luther Vandross, Cheryl Lynn, Leon Bridges, Stevie Wonder, Anita Baker, Donny Hathaway, Aretha Franklin, The Supremes, Mavis Staples, Ella Fitzgerald, Earth, Wind & Fire, Commodores, Smokey Robinson & The Miracles, Dinah Washington, D'Angelo, Rufus, Chaka Khan, Gladys Knight & The Pips, Kool & The Gang, Shalamar, Diana Ross, Michael Jackson, Patrice Rushen, Rick James, Evelyn ""Champagne"" King, The Whispers, The Staple Singers, Isaac Hayes, Sam Cooke, Corinne Bailey Rae, The Dramatics, Marvin Gaye, Nina Simone, Billie Holiday, Louis Armstrong, Peaches & Herb","https://www.dropbox.com/scl/fi/2g6vnuhrjh5a58kts51wl/genres2.png?rlkey=aszu22egr6586gthugay3mkpq&raw=1"
"neo soul",34,"Janelle Monáe, Jazmine Sullivan, Missy Elliott, Maze, Leon Bridges, Anita Baker, Fugees, Ms. Lauryn Hill, Alicia Keys, Robin Thicke, Donny Hathaway, Mary J. Blige, Floetry, Laura Mvula, Chrisette Michele, Amel Larrieux, Jill Scott, D'Angelo, Chaka Khan, John Legend, Glenn Lewis, India.Arie, Corinne Bailey Rae, Anthony Hamilton, Kelis, Meshell Ndegeocello, Marvin Gaye, Frank Ocean, Nina Simone, Erykah Badu, Teena Marie, Anderson .Paak, Silk Sonic, Tweet","https://www.dropbox.com/scl/fi/3wutj2zelwo6x305m4def/1.png?rlkey=0ek6mbo8smvaidcf7mxszseoc&raw=1"
"quiet storm",33,"Maze, Frankie Beverly, DeBarge, Cameo, The Isley Brothers, Luther Vandross, Cheryl Lynn, Anita Baker, Roger, Donny Hathaway, Brian McKnight, Jill Scott, Commodores, Smokey Robinson & The Miracles, Rufus, Chaka Khan, Gladys Knight & The Pips, LaBelle, Shalamar, Diana Ross, Patrice Rushen, Rick James, Evelyn ""Champagne"" King, The Whispers, McFadden & Whitehead, Isaac Hayes, The Dramatics, Marvin Gaye, Loose Ends, Tavares, Teena Marie, Peaches & Herb, James Ingram","https://www.dropbox.com/scl/fi/3wutj2zelwo6x305m4def/1.png?rlkey=0ek6mbo8smvaidcf7mxszseoc&raw=1"
"gangster rap",29,"T-Pain, JAY-Z, Pusha T, Yo Gotti, 2Pac, Dr. Dre, The Notorious B.I.G., Fabolous, T.I., Mase, N.W.A., Outlawz, Twista, Nelly, Krayzie Bone, E-40, 50 Cent, Bone Thugs-N-Harmony, Geto Boys, Jeezy, Nas, DMX, Scarface, Ja Rule, Rick Ross, Makaveli, Ice Cube, Snoop Dogg, Too $hort","https://www.dropbox.com/scl/fi/3wutj2zelwo6x305m4def/1.png?rlkey=0ek6mbo8smvaidcf7mxszseoc&raw=1"
"atl hip hop",28,"Janelle Monáe, Jagged Edge, Kelly Rowland, 112, Ludacris, Xscape, USHER, Lil Jon, Big Boi, Trinidad James, T.I., Gucci Mane, V.I.C., TLC, Lil Baby, Migos, 6LACK, Offset, André 3000, Lil Jon & The East Side Boyz, Ying Yang Twins, B.o.B, Waka Flocka Flame, Roscoe Dash, 2 Chainz, Childish Gambino, Jeezy, 21 Savage","https://www.dropbox.com/scl/fi/3wutj2zelwo6x305m4def/1.png?rlkey=0ek6mbo8smvaidcf7mxszseoc&raw=1"
"dirty south rap",27,"Bobby V., Ludacris, Bun B, Yo Gotti, Lil Jon, Big Boi, Trinidad James, T.I., Gucci Mane, Swishahouse, Shawnna, Twista, André 3000, Lil Jon & The East Side Boyz, Ying Yang Twins, Waka Flocka Flame, Roscoe Dash, Chamillionaire, Krayzie Bone, Geto Boys, Jeezy, The LOX, Scarface, Rick Ross, Pretty Ricky, Young Money, Swizz Beatz","https://www.dropbox.com/scl/fi/3wutj2zelwo6x305m4def/1.png?rlkey=0ek6mbo8smvaidcf7mxszseoc&raw=1"
"funk",25,"Maze, DeBarge, Cameo, The Isley Brothers, Cheryl Lynn, Prince, Anita Baker, Roger, Donny Hathaway, Earth, Wind & Fire, Commodores, Rufus, Chaka Khan, Gladys Knight & The Pips, Kool & The Gang, Shalamar, Patrice Rushen, Rick James, Evelyn ""Champagne"" King, The Whispers, Isaac Hayes, The Dramatics, Loose Ends, Teena Marie, Peaches & Herb","https://www.dropbox.com/scl/fi/3wutj2zelwo6x305m4def/1.png?rlkey=0ek6mbo8smvaidcf7mxszseoc&raw=1"
"alternative r&b",24,"Janelle Monáe, Snoh Aalegra, Victoria Monét, Tanerélle, Ari Lennox, Asiahn, Teyana Taylor, Ms. Lauryn Hill, Sinéad Harnett, The Internet, KAYTRANADA, Ravyn Lenae, Mahalia, Syd, FKA twigs, KIRBY, Xavier Omär, Chase Atlantic, Solange, Tinashe, GoldLink, DESTIN CONRAD, Alex Isley, Erykah Badu","https://www.dropbox.com/scl/fi/3wutj2zelwo6x305m4def/1.png?rlkey=0ek6mbo8smvaidcf7mxszseoc&raw=1"
"disco",23,"The Temptations, Cameo, Cheryl Lynn, Bee Gees, The Supremes, Earth, Wind & Fire, Commodores, Rufus, Chaka Khan, Gladys Knight & The Pips, LaBelle, Kool & The Gang, Shalamar, Diana Ross, Patrice Rushen, Rick James, Evelyn ""Champagne"" King, The Whispers, McFadden & Whitehead, Isaac Hayes, The Dramatics, Tavares, Peaches & Herb","https://www.dropbox.com/scl/fi/3wutj2zelwo6x305m4def/1.png?rlkey=0ek6mbo8smvaidcf7mxszseoc&raw=1"
"movie tunes",23,"Anika Noni Rose, Jessica Darrow, Mauro Castillo, Adassa, Diane Guerrero, Stephanie Beatriz, Encanto - Cast, Randy Newman, Idina Menzel, Phil Harris, Bruce Reitherman, Glenn Close, Carmen Twillie, Lebo M., Disney, Aaron Lohr, Sarah Jeffery, Booboo Stewart, Mitchell Hope, The Cheetah Girls","https://www.dropbox.com/scl/fi/3wutj2zelwo6x305m4def/1.png?rlkey=0ek6mbo8smvaidcf7mxszseoc&raw=1"
"classic soul",21,"The Temptations, Maze, The Isley Brothers, Cheryl Lynn, Donny Hathaway, Aretha Franklin, The Supremes, Smokey Robinson & The Miracles, Rufus, Gladys Knight & The Pips, Shalamar, Patrice Rushen, Evelyn ""Champagne"" King, The Whispers, McFadden & Whitehead, The Staple Singers, Isaac Hayes, Sam Cooke, The Dramatics, Marvin Gaye, Peaches & Herb","https://www.dropbox.com/scl/fi/3wutj2zelwo6x305m4def/1.png?rlkey=0ek6mbo8smvaidcf7mxszseoc&raw=1"
"new jack swing",20,"Maze, Cameo, SWV, Roger, Jodeci, Boyz II Men, Case, Tony! Toni! Toné!, Next, Floetry, Tevin Campbell, Blackstreet, Shalamar, After 7, Evelyn ""Champagne"" King, The Whispers, Wreckx-N-Effect, Loose Ends, H-Town, Teena Marie","https://www.dropbox.com/scl/fi/3wutj2zelwo6x305m4def/1.png?rlkey=0ek6mbo8smvaidcf7mxszseoc&raw=1"
"motown",18,"The Temptations, Maze, Cameo, The Isley Brothers, Stevie Wonder, The Supremes, Earth, Wind & Fire, Commodores, Smokey Robinson & The Miracles, Rufus, Gladys Knight & The Pips, Kool & The Gang, Shalamar, Diana Ross, Rick James, The Dramatics, Marvin Gaye, Tavares","https://www.dropbox.com/scl/fi/3wutj2zelwo6x305m4def/1.png?rlkey=0ek6mbo8smvaidcf7mxszseoc&raw=1"
"east coast hip hop",18,"LL COOL J, JAY-Z, Busta Rhymes, EPMD, Fugees, The Notorious B.I.G., Lil' Kim, Diddy, Big Pun, Biz Markie, 50 Cent, Nas, Mobb Deep, The LOX, DMX, Ja Rule, Beanie Sigel, Memphis Bleek","https://www.dropbox.com/scl/fi/3wutj2zelwo6x305m4def/1.png?rlkey=0ek6mbo8smvaidcf7mxszseoc&raw=1"
"modern rock",14,"Glass Animals, Blossoms, Fall Out Boy, The 1975, Paramore, All Time Low, The Neighbourhood, Neon Trees, Death Cab for Cutie, BØRNS, Bastille, Bad Suns, Kings of Leon, Two Door Cinema Club","https://www.dropbox.com/scl/fi/3wutj2zelwo6x305m4def/1.png?rlkey=0ek6mbo8smvaidcf7mxszseoc&raw=1"
"post-disco",13,"Maze, Cameo, Cheryl Lynn, Roger, Rufus, Shalamar, Patrice Rushen, Evelyn ""Champagne"" King, The Whispers, McFadden & Whitehead, The Dramatics, Loose Ends, Peaches & Herb","https://www.dropbox.com/scl/fi/3wutj2zelwo6x305m4def/1.png?rlkey=0ek6mbo8smvaidcf7mxszseoc&raw=1"
"post-teen pop",12,"JoJo, The Veronicas, Sara Bareilles, Glee Cast, Tori Kelly, Demi Lovato, Hannah Montana, Natasha Bedingfield, Selena Gomez, Zendaya, WILLOW, The Cheetah Girls","https://www.dropbox.com/scl/fi/3wutj2zelwo6x305m4def/1.png?rlkey=0ek6mbo8smvaidcf7mxszseoc&raw=1"
"pov: indie",12,"Glass Animals, The 1975, Beach Weather, Neon Trees, Conan Gray, BØRNS, Men I Trust, The Japanese House, Bad Suns, Wallows, Mitski, WILLOW","https://www.dropbox.com/scl/fi/3wutj2zelwo6x305m4def/1.png?rlkey=0ek6mbo8smvaidcf7mxszseoc&raw=1"
"adult standards",12,"Louis Prima, The Supremes, Ella Fitzgerald, Carpenters, Neil Diamond, Commodores, Frank Sinatra, Sonny & Cher, Diana Ross, Bing Crosby, Billie Holiday, Louis Armstrong","https://www.dropbox.com/scl/fi/3wutj2zelwo6x305m4def/1.png?rlkey=0ek6mbo8smvaidcf7mxszseoc&raw=1"
"hardcore hip hop",11,"Busta Rhymes, The Notorious B.I.G., Mase, Big Pun, Geto Boys, Nas, Mobb Deep, The LOX, DMX, AZ, Scarface","https://www.dropbox.com/scl/fi/3wutj2zelwo6x305m4def/1.png?rlkey=0ek6mbo8smvaidcf7mxszseoc&raw=1"
"pop r&b",10,"Coco Jones, August Alsina, Khalid, Jake & Papa, Kiana Ledé, Tone Stith, Ryan Destiny, Empire Cast, Yo Trane, Queen Naija","https://www.dropbox.com/scl/fi/3wutj2zelwo6x305m4def/1.png?rlkey=0ek6mbo8smvaidcf7mxszseoc&raw=1"
"girl group",10,"Danity Kane, SWV, The Pussycat Dolls, The Veronicas, Xscape, Fifth Harmony, Destiny's Child, TLC, Little Mix, The Cheetah Girls","https://www.dropbox.com/scl/fi/3wutj2zelwo6x305m4def/1.png?rlkey=0ek6mbo8smvaidcf7mxszseoc&raw=1"
"rock",10,"Prince, Fall Out Boy, The 1975, Paramore, Oasis, The Beatles, Bob Dylan, Kings of Leon, Queen, Placebo","https://www.dropbox.com/scl/fi/3wutj2zelwo6x305m4def/1.png?rlkey=0ek6mbo8smvaidcf7mxszseoc&raw=1"
"uk pop",10,"Dua Lipa, Ed Sheeran, James Arthur, Olly Alexander (Years & Years), Sam Smith, Little Mix, ZAYN, Adele, The Aces, Dermot Kennedy","https://www.dropbox.com/scl/fi/3wutj2zelwo6x305m4def/1.png?rlkey=0ek6mbo8smvaidcf7mxszseoc&raw=1"
"west coast rap",10,"2Pac, Dr. Dre, N.W.A., Kendrick Lamar, E-40, Keak Da Sneak, Luniz, Ice Cube, Snoop Dogg, Too $hort","https://www.dropbox.com/scl/fi/3wutj2zelwo6x305m4def/1.png?rlkey=0ek6mbo8smvaidcf7mxszseoc&raw=1"
"conscious hip hop",9,"Big K.R.I.T., Ms. Lauryn Hill, N.W.A., Kendrick Lamar, J. Cole, Geto Boys, Nas, Scarface, Ice Cube","https://www.dropbox.com/scl/fi/3wutj2zelwo6x305m4def/1.png?rlkey=0ek6mbo8smvaidcf7mxszseoc&raw=1"
"soft rock",9,"Belinda Carlisle, Phil Collins, Bee Gees, Carpenters, Neil Diamond, Commodores, Sonny & Cher, Kool & The Gang, Diana Ross","https://www.dropbox.com/scl/fi/3wutj2zelwo6x305m4def/1.png?rlkey=0ek6mbo8smvaidcf7mxszseoc&raw=1"
"trap queen",9,"Megan Thee Stallion, Jucee Froot, City Girls, Lil' Kim, Big Freedia, Sexyy Red, Star Cast, Khia, Sevyn Streeter","https://www.dropbox.com/scl/fi/3wutj2zelwo6x305m4def/1.png?rlkey=0ek6mbo8smvaidcf7mxszseoc&raw=1"
"alt z",9,"FLETCHER, Hayley Kiyoko, VÉRITÉ, The Aces, blackbear, Emmy Meli, Melanie Martinez, Charlotte Sands, Reneé Rapp","https://www.dropbox.com/scl/fi/3wutj2zelwo6x305m4def/1.png?rlkey=0ek6mbo8smvaidcf7mxszseoc&raw=1"
"southern soul",9,"Donny Hathaway, Aretha Franklin, Mavis Staples, Brook Benton, Rufus, The Staple Singers, Isaac Hayes, The Dramatics, Bobby ""Blue"" Bland","https://www.dropbox.com/scl/fi/3wutj2zelwo6x305m4def/1.png?rlkey=0ek6mbo8smvaidcf7mxszseoc&raw=1"
"boy band",8,"DAY26, 112, Boyz II Men, Next, Blackstreet, 5 Seconds of Summer, *NSYNC, H-Town","https://www.dropbox.com/scl/fi/3wutj2zelwo6x305m4def/1.png?rlkey=0ek6mbo8smvaidcf7mxszseoc&raw=1"
"canadian pop",8,"Drake, Deborah Cox, Tamia, Jessie Reyez, The Weeknd, Glenn Lewis, Avril Lavigne, Carly Rae Jepsen","https://www.dropbox.com/scl/fi/3wutj2zelwo6x305m4def/1.png?rlkey=0ek6mbo8smvaidcf7mxszseoc&raw=1"
"pop punk",8,"Hands Like Houses, Fall Out Boy, Paramore, All Time Low, The Maine, PVRIS, The Cab, Mayday Parade","https://www.dropbox.com/scl/fi/3wutj2zelwo6x305m4def/1.png?rlkey=0ek6mbo8smvaidcf7mxszseoc&raw=1"
"indie soul",8,"KAYTRANADA, Ravyn Lenae, D'Angelo, Rhye, Jordan Rakei, Tom Misch, Yussef Dayes, Anderson .Paak","https://www.dropbox.com/scl/fi/3wutj2zelwo6x305m4def/1.png?rlkey=0ek6mbo8smvaidcf7mxszseoc&raw=1"
"vocal jazz",8,"Aretha Franklin, Ella Fitzgerald, Dinah Washington, Leslie Odom Jr., Sam Cooke, Nina Simone, Billie Holiday, Louis Armstrong","https://www.dropbox.com/scl/fi/3wutj2zelwo6x305m4def/1.png?rlkey=0ek6mbo8smvaidcf7mxszseoc&raw=1"
"afrofuturism",7,"Janelle Monáe, Steve Lacy, Laura Mvula, FKA twigs, Solange, WILLOW, Erykah Badu","https://www.dropbox.com/scl/fi/3wutj2zelwo6x305m4def/1.png?rlkey=0ek6mbo8smvaidcf7mxszseoc&raw=1"
"golden age hip hop",7,"LL COOL J, 2 LIVE CREW, EPMD, N.W.A., Biz Markie, Geto Boys, Too $hort","https://www.dropbox.com/scl/fi/3wutj2zelwo6x305m4def/1.png?rlkey=0ek6mbo8smvaidcf7mxszseoc&raw=1"
"old school hip hop",7,"LL COOL J, 2 LIVE CREW, EPMD, N.W.A., Biz Markie, DJ Kool, Geto Boys","https://www.dropbox.com/scl/fi/3wutj2zelwo6x305m4def/1.png?rlkey=0ek6mbo8smvaidcf7mxszseoc&raw=1"
"queens hip hop",7,"LL COOL J, Nicki Minaj, 50 Cent, Nas, Mobb Deep, Nature, Ja Rule","https://www.dropbox.com/scl/fi/3wutj2zelwo6x305m4def/1.png?rlkey=0ek6mbo8smvaidcf7mxszseoc&raw=1"
"british soul",7,"Sade, Floetry, Laura Mvula, Seal, Adele, Corinne Bailey Rae, Duffy","https://www.dropbox.com/scl/fi/3wutj2zelwo6x305m4def/1.png?rlkey=0ek6mbo8smvaidcf7mxszseoc&raw=1"
"art pop",7,"Rina Sawayama, Billie Eilish, FKA twigs, Lady Gaga, Rhye, Grace Jones, AURORA","https://www.dropbox.com/scl/fi/3wutj2zelwo6x305m4def/1.png?rlkey=0ek6mbo8smvaidcf7mxszseoc&raw=1"
"indietronica",7,"The xx, Glass Animals, Death Cab for Cutie, The Japanese House, Rhye, Bonobo, Two Door Cinema Club","https://www.dropbox.com/scl/fi/3wutj2zelwo6x305m4def/1.png?rlkey=0ek6mbo8smvaidcf7mxszseoc&raw=1"
"modern alternative rock",7,"The 1975, The Neighbourhood, Death Cab for Cutie, BØRNS, THE DRIVER ERA, Bad Suns, Two Door Cinema Club","https://www.dropbox.com/scl/fi/3wutj2zelwo6x305m4def/1.png?rlkey=0ek6mbo8smvaidcf7mxszseoc&raw=1"
"children's music",7,"Kidz Bop Kids, Pinkfong, Kidsongs, Barney, Super Simple Songs, Bluey, The Kiboomers","https://www.dropbox.com/scl/fi/3wutj2zelwo6x305m4def/1.png?rlkey=0ek6mbo8smvaidcf7mxszseoc&raw=1"
"indie r&b",7,"Cautious Clay, LOONY, syd B, Adria Kain, Tone Stith, Muni Long, Naomi Sharon","https://www.dropbox.com/scl/fi/3wutj2zelwo6x305m4def/1.png?rlkey=0ek6mbo8smvaidcf7mxszseoc&raw=1"
"canadian contemporary r&b",6,"Daniel Caesar, Jessie Reyez, LOONY, The Weeknd, dvsn, Majid Jordan","https://www.dropbox.com/scl/fi/3wutj2zelwo6x305m4def/1.png?rlkey=0ek6mbo8smvaidcf7mxszseoc&raw=1"
"chicago rap",6,"Kanye West, Jeremih, Shawnna, Juice WRLD, Lil Durk, Twista","https://www.dropbox.com/scl/fi/3wutj2zelwo6x305m4def/1.png?rlkey=0ek6mbo8smvaidcf7mxszseoc&raw=1"
"g funk",6,"2Pac, Dr. Dre, Geto Boys, Luniz, Ice Cube, Snoop Dogg","https://www.dropbox.com/scl/fi/3wutj2zelwo6x305m4def/1.png?rlkey=0ek6mbo8smvaidcf7mxszseoc&raw=1"
"neo mellow",6,"A Great Big World, Neon Trees, John Mayer, Sara Bareilles, Jason Mraz, Dido","https://www.dropbox.com/scl/fi/3wutj2zelwo6x305m4def/1.png?rlkey=0ek6mbo8smvaidcf7mxszseoc&raw=1"
"lgbtq+ hip hop",6,"The Internet, KAYTRANADA, Syd, Big Freedia, Lil Nas X, Frank Ocean","https://www.dropbox.com/scl/fi/3wutj2zelwo6x305m4def/1.png?rlkey=0ek6mbo8smvaidcf7mxszseoc&raw=1"
"mellow gold",6,"Bee Gees, Carpenters, Neil Diamond, Commodores, Sonny & Cher, Chris Isaak","https://www.dropbox.com/scl/fi/3wutj2zelwo6x305m4def/1.png?rlkey=0ek6mbo8smvaidcf7mxszseoc&raw=1"
"melodic rap",6,"Juice WRLD, Roddy Ricch, 6LACK, Post Malone, Kodak Black, PnB Rock","https://www.dropbox.com/scl/fi/3wutj2zelwo6x305m4def/1.png?rlkey=0ek6mbo8smvaidcf7mxszseoc&raw=1"
"old school atlanta hip hop",5,"Ludacris, Lil Jon, Lil Jon & The East Side Boyz, Ying Yang Twins, Jeezy","https://www.dropbox.com/scl/fi/3wutj2zelwo6x305m4def/1.png?rlkey=0ek6mbo8smvaidcf7mxszseoc&raw=1"
"memphis soul",5,"The Temptations, Aretha Franklin, The Staple Singers, Isaac Hayes, The Dramatics","https://www.dropbox.com/scl/fi/3wutj2zelwo6x305m4def/1.png?rlkey=0ek6mbo8smvaidcf7mxszseoc&raw=1"
"p funk",5,"Cameo, Roger, Rufus, Patrice Rushen, Rick James","https://www.dropbox.com/scl/fi/3wutj2zelwo6x305m4def/1.png?rlkey=0ek6mbo8smvaidcf7mxszseoc&raw=1"
"miami hip hop",5,"2 LIVE CREW, DJ Khaled, Flo Rida, Kodak Black, Pretty Ricky","https://www.dropbox.com/scl/fi/3wutj2zelwo6x305m4def/1.png?rlkey=0ek6mbo8smvaidcf7mxszseoc&raw=1"
"electropop",5,"Rina Sawayama, Marian Hill, VÉRITÉ, Robyn, Melanie Martinez","https://www.dropbox.com/scl/fi/3wutj2zelwo6x305m4def/1.png?rlkey=0ek6mbo8smvaidcf7mxszseoc&raw=1"
"escape room",5,"Rina Sawayama, KAYTRANADA, FKA twigs, Big Freedia, Anderson .Paak","https://www.dropbox.com/scl/fi/3wutj2zelwo6x305m4def/1.png?rlkey=0ek6mbo8smvaidcf7mxszseoc&raw=1"
"crunk",5,"Lil Jon, Lil Jon & The East Side Boyz, Ying Yang Twins, Juicy J, Jeezy","https://www.dropbox.com/scl/fi/3wutj2zelwo6x305m4def/1.png?rlkey=0ek6mbo8smvaidcf7mxszseoc&raw=1"
"uk contemporary r&b",5,"Sinéad Harnett, Mahalia, Hamzaa, Ella Mai, Naughty Boy","https://www.dropbox.com/scl/fi/3wutj2zelwo6x305m4def/1.png?rlkey=0ek6mbo8smvaidcf7mxszseoc&raw=1"
"indie anthem-folk",5,"Jake Isaac, Hollow Coves, Mahalia, Chasing Grace, Amber Run","https://www.dropbox.com/scl/fi/3wutj2zelwo6x305m4def/1.png?rlkey=0ek6mbo8smvaidcf7mxszseoc&raw=1"
"singer-songwriter",5,"Randy Newman, Bob Dylan, Neil Diamond, John Mayer, Sonny & Cher","https://www.dropbox.com/scl/fi/3wutj2zelwo6x305m4def/1.png?rlkey=0ek6mbo8smvaidcf7mxszseoc&raw=1"
"show tunes",5,"Idina Menzel, Adam Pascal, Cast Of The Motion Picture Rent, Leslie Odom Jr., Anthony Ramos","https://www.dropbox.com/scl/fi/3wutj2zelwo6x305m4def/1.png?rlkey=0ek6mbo8smvaidcf7mxszseoc&raw=1"
"swing",5,"Louis Prima, Ella Fitzgerald, Bing Crosby, Billie Holiday, Louis Armstrong","https://www.dropbox.com/scl/fi/3wutj2zelwo6x305m4def/1.png?rlkey=0ek6mbo8smvaidcf7mxszseoc&raw=1"
"jazz blues",5,"Aretha Franklin, Ella Fitzgerald, Dinah Washington, Nina Simone, Billie Holiday","https://www.dropbox.com/scl/fi/3wutj2zelwo6x305m4def/1.png?rlkey=0ek6mbo8smvaidcf7mxszseoc&raw=1"
"oakland hip hop",5,"G-Eazy, E-40, Keak Da Sneak, Luniz, Too $hort","https://www.dropbox.com/scl/fi/3wutj2zelwo6x305m4def/1.png?rlkey=0ek6mbo8smvaidcf7mxszseoc&raw=1"
"houston rap",4,"Bun B, Megan Thee Stallion, Swishahouse, Michael Watts","https://www.dropbox.com/scl/fi/3wutj2zelwo6x305m4def/1.png?rlkey=0ek6mbo8smvaidcf7mxszseoc&raw=1"
"candy pop",4,"Stacie Orrico, The Veronicas, Paramore, Avril Lavigne","https://www.dropbox.com/scl/fi/3wutj2zelwo6x305m4def/1.png?rlkey=0ek6mbo8smvaidcf7mxszseoc&raw=1"
"pop soul",4,"Cynthia Erivo, John Legend, Adele, Corinne Bailey Rae","https://www.dropbox.com/scl/fi/3wutj2zelwo6x305m4def/1.png?rlkey=0ek6mbo8smvaidcf7mxszseoc&raw=1"
"minneapolis sound",4,"Cheryl Lynn, Prince, Next, Evelyn ""Champagne"" King","https://www.dropbox.com/scl/fi/3wutj2zelwo6x305m4def/1.png?rlkey=0ek6mbo8smvaidcf7mxszseoc&raw=1"
"indie pop",4,"Rina Sawayama, Men I Trust, The Japanese House, The Aces","https://www.dropbox.com/scl/fi/3wutj2zelwo6x305m4def/1.png?rlkey=0ek6mbo8smvaidcf7mxszseoc&raw=1"
"indie poptimism",4,"Hayley Kiyoko, VÉRITÉ, BØRNS, The Aces","https://www.dropbox.com/scl/fi/3wutj2zelwo6x305m4def/1.png?rlkey=0ek6mbo8smvaidcf7mxszseoc&raw=1"
"pop rock",4,"A Great Big World, Neon Trees, Sara Bareilles, Dido","https://www.dropbox.com/scl/fi/3wutj2zelwo6x305m4def/1.png?rlkey=0ek6mbo8smvaidcf7mxszseoc&raw=1"
"pop emo",4,"Paramore, The Maine, PVRIS, Mayday Parade","https://www.dropbox.com/scl/fi/3wutj2zelwo6x305m4def/1.png?rlkey=0ek6mbo8smvaidcf7mxszseoc&raw=1"
"neon pop punk",4,"All Time Low, The Maine, The Cab, Mayday Parade","https://www.dropbox.com/scl/fi/3wutj2zelwo6x305m4def/1.png?rlkey=0ek6mbo8smvaidcf7mxszseoc&raw=1"
"hollywood",4,"Stephanie Beatriz, Idina Menzel, Adam Pascal, Cast Of The Motion Picture Rent","https://www.dropbox.com/scl/fi/3wutj2zelwo6x305m4def/1.png?rlkey=0ek6mbo8smvaidcf7mxszseoc&raw=1"
"lounge",4,"Louis Prima, Frank Sinatra, Bing Crosby, Louis Armstrong","https://www.dropbox.com/scl/fi/3wutj2zelwo6x305m4def/1.png?rlkey=0ek6mbo8smvaidcf7mxszseoc&raw=1"
"cali rap",4,"YG, E-40, Keak Da Sneak, Too $hort","https://www.dropbox.com/scl/fi/3wutj2zelwo6x305m4def/1.png?rlkey=0ek6mbo8smvaidcf7mxszseoc&raw=1"
"underground hip hop",4,"Cordae, IDK, Freddie Gibbs, Dom Kennedy","https://www.dropbox.com/scl/fi/3wutj2zelwo6x305m4def/1.png?rlkey=0ek6mbo8smvaidcf7mxszseoc&raw=1"
"new orleans rap",3,"Lil Wayne, Kidd Kidd, Big Freedia","https://www.dropbox.com/scl/fi/3wutj2zelwo6x305m4def/1.png?rlkey=0ek6mbo8smvaidcf7mxszseoc&raw=1"
"trap soul",3,"Ty Dolla $ign, Tone Stith, Yo Trane","https://www.dropbox.com/scl/fi/3wutj2zelwo6x305m4def/1.png?rlkey=0ek6mbo8smvaidcf7mxszseoc&raw=1"
"afrobeats",3,"CKay, Wizkid, Tems","https://www.dropbox.com/scl/fi/3wutj2zelwo6x305m4def/1.png?rlkey=0ek6mbo8smvaidcf7mxszseoc&raw=1"
"reggae",3,"Bob Marley & The Wailers, Toots & The Maytals, Marcia Griffiths","https://www.dropbox.com/scl/fi/3wutj2zelwo6x305m4def/1.png?rlkey=0ek6mbo8smvaidcf7mxszseoc&raw=1"
"roots reggae",3,"Bob Marley & The Wailers, Toots & The Maytals, Marcia Griffiths","https://www.dropbox.com/scl/fi/3wutj2zelwo6x305m4def/1.png?rlkey=0ek6mbo8smvaidcf7mxszseoc&raw=1"
"rock-and-roll",3,"Elvis Presley, The Archies, Sonny & Cher","https://www.dropbox.com/scl/fi/3wutj2zelwo6x305m4def/1.png?rlkey=0ek6mbo8smvaidcf7mxszseoc&raw=1"
"downtempo",3,"The xx, Rhye, Bonobo","https://www.dropbox.com/scl/fi/3wutj2zelwo6x305m4def/1.png?rlkey=0ek6mbo8smvaidcf7mxszseoc&raw=1"
"memphis hip hop",3,"Yo Gotti, Juicy J, Shy Glizzy","https://www.dropbox.com/scl/fi/3wutj2zelwo6x305m4def/1.png?rlkey=0ek6mbo8smvaidcf7mxszseoc&raw=1"
"new jersey rap",3,"Fugees, Ms. Lauryn Hill, Pras","https://www.dropbox.com/scl/fi/3wutj2zelwo6x305m4def/1.png?rlkey=0ek6mbo8smvaidcf7mxszseoc&raw=1"
"gauze pop",3,"Sinéad Harnett, Glass Animals, Olly Alexander (Years & Years)","https://www.dropbox.com/scl/fi/3wutj2zelwo6x305m4def/1.png?rlkey=0ek6mbo8smvaidcf7mxszseoc&raw=1"
"metropopolis",3,"VÉRITÉ, Bastille, Tinashe","https://www.dropbox.com/scl/fi/3wutj2zelwo6x305m4def/1.png?rlkey=0ek6mbo8smvaidcf7mxszseoc&raw=1"
"nyc pop",3,"VÉRITÉ, Cautious Clay, Thirdstory","https://www.dropbox.com/scl/fi/3wutj2zelwo6x305m4def/1.png?rlkey=0ek6mbo8smvaidcf7mxszseoc&raw=1"
"talent show",3,"Fifth Harmony, James Arthur, Little Mix","https://www.dropbox.com/scl/fi/3wutj2zelwo6x305m4def/1.png?rlkey=0ek6mbo8smvaidcf7mxszseoc&raw=1"
"pop dance",3,"Kaskade, Olly Alexander (Years & Years), Zedd","https://www.dropbox.com/scl/fi/3wutj2zelwo6x305m4def/1.png?rlkey=0ek6mbo8smvaidcf7mxszseoc&raw=1"
"acoustic pop",3,"Sleeping At Last, Sara Bareilles, Jason Mraz","https://www.dropbox.com/scl/fi/3wutj2zelwo6x305m4def/1.png?rlkey=0ek6mbo8smvaidcf7mxszseoc&raw=1"
"chamber pop",3,"Sleeping At Last, Death Cab for Cutie, Bright Eyes","https://www.dropbox.com/scl/fi/3wutj2zelwo6x305m4def/1.png?rlkey=0ek6mbo8smvaidcf7mxszseoc&raw=1"
"classic rock",3,"The Beatles, Bob Dylan, Queen","https://www.dropbox.com/scl/fi/3wutj2zelwo6x305m4def/1.png?rlkey=0ek6mbo8smvaidcf7mxszseoc&raw=1"
"cartoon",3,"PAW Patrol, Pinkfong, Barney","https://www.dropbox.com/scl/fi/3wutj2zelwo6x305m4def/1.png?rlkey=0ek6mbo8smvaidcf7mxszseoc&raw=1"
"folk rock",3,"Bob Dylan, Neil Diamond, Sonny & Cher","https://www.dropbox.com/scl/fi/3wutj2zelwo6x305m4def/1.png?rlkey=0ek6mbo8smvaidcf7mxszseoc&raw=1"
"indie rock",3,"Death Cab for Cutie, Two Door Cinema Club, Bright Eyes","https://www.dropbox.com/scl/fi/3wutj2zelwo6x305m4def/1.png?rlkey=0ek6mbo8smvaidcf7mxszseoc&raw=1"
"black americana",3,"Mavis Staples, Mickey Guyton, Joy Oladokun","https://www.dropbox.com/scl/fi/3wutj2zelwo6x305m4def/1.png?rlkey=0ek6mbo8smvaidcf7mxszseoc&raw=1"
"jazz funk",3,"Ramsey Lewis, Earth, Wind & Fire, Patrice Rushen","https://www.dropbox.com/scl/fi/3wutj2zelwo6x305m4def/1.png?rlkey=0ek6mbo8smvaidcf7mxszseoc&raw=1"
"bubblegum pop",3,"The Archies, Donny Osmond, Sonny & Cher","https://www.dropbox.com/scl/fi/3wutj2zelwo6x305m4def/1.png?rlkey=0ek6mbo8smvaidcf7mxszseoc&raw=1"
"hyphy",3,"E-40, Keak Da Sneak, Too $hort","https://www.dropbox.com/scl/fi/3wutj2zelwo6x305m4def/1.png?rlkey=0ek6mbo8smvaidcf7mxszseoc&raw=1"
"detroit hip hop",3,"DMX, Big Sean, Eminem","https://www.dropbox.com/scl/fi/3wutj2zelwo6x305m4def/1.png?rlkey=0ek6mbo8smvaidcf7mxszseoc&raw=1"
"lo-fi beats",2,"Barnes Blvd., Alicks","https://www.dropbox.com/scl/fi/3wutj2zelwo6x305m4def/1.png?rlkey=0ek6mbo8smvaidcf7mxszseoc&raw=1"
"virginia hip hop",2,"Missy Elliott, Pusha T","https://www.dropbox.com/scl/fi/3wutj2zelwo6x305m4def/1.png?rlkey=0ek6mbo8smvaidcf7mxszseoc&raw=1"
"afro r&b",2,"CKay, Tems","https://www.dropbox.com/scl/fi/3wutj2zelwo6x305m4def/1.png?rlkey=0ek6mbo8smvaidcf7mxszseoc&raw=1"
"new wave pop",2,"Belinda Carlisle, Seal","https://www.dropbox.com/scl/fi/3wutj2zelwo6x305m4def/1.png?rlkey=0ek6mbo8smvaidcf7mxszseoc&raw=1"
"rockabilly",2,"Elvis Presley, Sonny & Cher","https://www.dropbox.com/scl/fi/3wutj2zelwo6x305m4def/1.png?rlkey=0ek6mbo8smvaidcf7mxszseoc&raw=1"
"miami bass",2,"2 LIVE CREW, Wreckx-N-Effect","https://www.dropbox.com/scl/fi/3wutj2zelwo6x305m4def/1.png?rlkey=0ek6mbo8smvaidcf7mxszseoc&raw=1"
"k-pop",2,"BTS, BLACKPINK","https://www.dropbox.com/scl/fi/3wutj2zelwo6x305m4def/1.png?rlkey=0ek6mbo8smvaidcf7mxszseoc&raw=1"
"synth funk",2,"Prince, Rick James","https://www.dropbox.com/scl/fi/3wutj2zelwo6x305m4def/1.png?rlkey=0ek6mbo8smvaidcf7mxszseoc&raw=1"
"indie folk",2,"Leon Bridges, Hollow Coves","https://www.dropbox.com/scl/fi/3wutj2zelwo6x305m4def/1.png?rlkey=0ek6mbo8smvaidcf7mxszseoc&raw=1"
"smooth jazz",2,"Anita Baker, Ramsey Lewis","https://www.dropbox.com/scl/fi/3wutj2zelwo6x305m4def/1.png?rlkey=0ek6mbo8smvaidcf7mxszseoc&raw=1"
"canadian hip hop",2,"Drake, Majid Jordan","https://www.dropbox.com/scl/fi/3wutj2zelwo6x305m4def/1.png?rlkey=0ek6mbo8smvaidcf7mxszseoc&raw=1"
"vocal house",2,"Deborah Cox, Kaskade","https://www.dropbox.com/scl/fi/3wutj2zelwo6x305m4def/1.png?rlkey=0ek6mbo8smvaidcf7mxszseoc&raw=1"
"brooklyn indie",2,"VÉRITÉ, Mitski","https://www.dropbox.com/scl/fi/3wutj2zelwo6x305m4def/1.png?rlkey=0ek6mbo8smvaidcf7mxszseoc&raw=1"
"pixie",2,"Paramore, PVRIS","https://www.dropbox.com/scl/fi/3wutj2zelwo6x305m4def/1.png?rlkey=0ek6mbo8smvaidcf7mxszseoc&raw=1"
"melodic dubstep",2,"Crywolf, Said The Sky","https://www.dropbox.com/scl/fi/3wutj2zelwo6x305m4def/1.png?rlkey=0ek6mbo8smvaidcf7mxszseoc&raw=1"
"edm",2,"Kaskade, Zedd","https://www.dropbox.com/scl/fi/3wutj2zelwo6x305m4def/1.png?rlkey=0ek6mbo8smvaidcf7mxszseoc&raw=1"
"folk-pop",2,"Jake Isaac, Dermot Kennedy","https://www.dropbox.com/scl/fi/3wutj2zelwo6x305m4def/1.png?rlkey=0ek6mbo8smvaidcf7mxszseoc&raw=1"
"britpop",2,"Oasis, Placebo","https://www.dropbox.com/scl/fi/3wutj2zelwo6x305m4def/1.png?rlkey=0ek6mbo8smvaidcf7mxszseoc&raw=1"
"permanent wave",2,"Oasis, Placebo","https://www.dropbox.com/scl/fi/3wutj2zelwo6x305m4def/1.png?rlkey=0ek6mbo8smvaidcf7mxszseoc&raw=1"
"vapor soul",2,"Galimatias, The Japanese House","https://www.dropbox.com/scl/fi/3wutj2zelwo6x305m4def/1.png?rlkey=0ek6mbo8smvaidcf7mxszseoc&raw=1"
"broadway",2,"Adam Pascal, Leslie Odom Jr.","https://www.dropbox.com/scl/fi/3wutj2zelwo6x305m4def/1.png?rlkey=0ek6mbo8smvaidcf7mxszseoc&raw=1"
"folk",2,"Bob Dylan, Sonny & Cher","https://www.dropbox.com/scl/fi/3wutj2zelwo6x305m4def/1.png?rlkey=0ek6mbo8smvaidcf7mxszseoc&raw=1"
"alternative rock",2,"Death Cab for Cutie, Placebo","https://www.dropbox.com/scl/fi/3wutj2zelwo6x305m4def/1.png?rlkey=0ek6mbo8smvaidcf7mxszseoc&raw=1"
"chicago soul",2,"Donny Hathaway, The Staple Singers","https://www.dropbox.com/scl/fi/3wutj2zelwo6x305m4def/1.png?rlkey=0ek6mbo8smvaidcf7mxszseoc&raw=1"
"afropop",2,"Wizkid, Seun Kuti","https://www.dropbox.com/scl/fi/3wutj2zelwo6x305m4def/1.png?rlkey=0ek6mbo8smvaidcf7mxszseoc&raw=1"
"nigerian pop",2,"Wizkid, Tems","https://www.dropbox.com/scl/fi/3wutj2zelwo6x305m4def/1.png?rlkey=0ek6mbo8smvaidcf7mxszseoc&raw=1"
"futuristic swag",2,"V.I.C., Roscoe Dash","https://www.dropbox.com/scl/fi/3wutj2zelwo6x305m4def/1.png?rlkey=0ek6mbo8smvaidcf7mxszseoc&raw=1"
"chopped and screwed",2,"Swishahouse, Michael Watts","https://www.dropbox.com/scl/fi/3wutj2zelwo6x305m4def/1.png?rlkey=0ek6mbo8smvaidcf7mxszseoc&raw=1"
"gospel",2,"Mahalia Jackson, CeCe Winans","https://www.dropbox.com/scl/fi/3wutj2zelwo6x305m4def/1.png?rlkey=0ek6mbo8smvaidcf7mxszseoc&raw=1"
"spirituals",2,"Mahalia Jackson, Mavis Staples","https://www.dropbox.com/scl/fi/3wutj2zelwo6x305m4def/1.png?rlkey=0ek6mbo8smvaidcf7mxszseoc&raw=1"
"christian hip hop",2,"FLAME, Lecrae","https://www.dropbox.com/scl/fi/3wutj2zelwo6x305m4def/1.png?rlkey=0ek6mbo8smvaidcf7mxszseoc&raw=1"
"singer-songwriter pop",2,"Ed Sheeran, Tyler Shaw","https://www.dropbox.com/scl/fi/3wutj2zelwo6x305m4def/1.png?rlkey=0ek6mbo8smvaidcf7mxszseoc&raw=1"
"bedroom pop",2,"Conan Gray, Omar Apollo","https://www.dropbox.com/scl/fi/3wutj2zelwo6x305m4def/1.png?rlkey=0ek6mbo8smvaidcf7mxszseoc&raw=1"
"jazz",2,"Ella Fitzgerald, Billie Holiday","https://www.dropbox.com/scl/fi/3wutj2zelwo6x305m4def/1.png?rlkey=0ek6mbo8smvaidcf7mxszseoc&raw=1"
"chill r&b",2,"syd B, sky","https://www.dropbox.com/scl/fi/3wutj2zelwo6x305m4def/1.png?rlkey=0ek6mbo8smvaidcf7mxszseoc&raw=1"
"trip hop",2,"FKA twigs, Bonobo","https://www.dropbox.com/scl/fi/3wutj2zelwo6x305m4def/1.png?rlkey=0ek6mbo8smvaidcf7mxszseoc&raw=1"
"soul jazz",2,"Ramsey Lewis, Nina Simone","https://www.dropbox.com/scl/fi/3wutj2zelwo6x305m4def/1.png?rlkey=0ek6mbo8smvaidcf7mxszseoc&raw=1"
"classical",2,"Ludwig van Beethoven, Johann Sebastian Bach","https://www.dropbox.com/scl/fi/3wutj2zelwo6x305m4def/1.png?rlkey=0ek6mbo8smvaidcf7mxszseoc&raw=1"
"lilith",2,"Sara Bareilles, Dido","https://www.dropbox.com/scl/fi/3wutj2zelwo6x305m4def/1.png?rlkey=0ek6mbo8smvaidcf7mxszseoc&raw=1"
"modern reggae",2,"Sevana, Skip Marley","https://www.dropbox.com/scl/fi/3wutj2zelwo6x305m4def/1.png?rlkey=0ek6mbo8smvaidcf7mxszseoc&raw=1"
"bedroom soul",2,"Omar Apollo, Pink Sweat$","https://www.dropbox.com/scl/fi/3wutj2zelwo6x305m4def/1.png?rlkey=0ek6mbo8smvaidcf7mxszseoc&raw=1"
"drill",2,"Lil Durk, Shy Glizzy","https://www.dropbox.com/scl/fi/3wutj2zelwo6x305m4def/1.png?rlkey=0ek6mbo8smvaidcf7mxszseoc&raw=1"
"nursery",2,"Kidsongs, The Kiboomers","https://www.dropbox.com/scl/fi/3wutj2zelwo6x305m4def/1.png?rlkey=0ek6mbo8smvaidcf7mxszseoc&raw=1"
"alabama rap",2,"Mooski, Yung Bleu","https://www.dropbox.com/scl/fi/3wutj2zelwo6x305m4def/1.png?rlkey=0ek6mbo8smvaidcf7mxszseoc&raw=1"
"electronica",2,"Rhye, Bonobo","https://www.dropbox.com/scl/fi/3wutj2zelwo6x305m4def/1.png?rlkey=0ek6mbo8smvaidcf7mxszseoc&raw=1"
"easy listening",2,"Frank Sinatra, Bing Crosby","https://www.dropbox.com/scl/fi/3wutj2zelwo6x305m4def/1.png?rlkey=0ek6mbo8smvaidcf7mxszseoc&raw=1"
"modern indie pop",2,"young friend, SYML","https://www.dropbox.com/scl/fi/3wutj2zelwo6x305m4def/1.png?rlkey=0ek6mbo8smvaidcf7mxszseoc&raw=1"
"ohio hip hop",2,"Krayzie Bone, Bone Thugs-N-Harmony","https://www.dropbox.com/scl/fi/3wutj2zelwo6x305m4def/1.png?rlkey=0ek6mbo8smvaidcf7mxszseoc&raw=1"
"pop edm",2,"Grey, Said The Sky","https://www.dropbox.com/scl/fi/3wutj2zelwo6x305m4def/1.png?rlkey=0ek6mbo8smvaidcf7mxszseoc&raw=1"
"alternative hip hop",2,"AZ, Freddie Gibbs","https://www.dropbox.com/scl/fi/3wutj2zelwo6x305m4def/1.png?rlkey=0ek6mbo8smvaidcf7mxszseoc&raw=1"
"philly rap",2,"Meek Mill, Beanie Sigel","https://www.dropbox.com/scl/fi/3wutj2zelwo6x305m4def/1.png?rlkey=0ek6mbo8smvaidcf7mxszseoc&raw=1"
"afrobeat",2,"Seun Kuti, Egypt 80","https://www.dropbox.com/scl/fi/3wutj2zelwo6x305m4def/1.png?rlkey=0ek6mbo8smvaidcf7mxszseoc&raw=1"
"torch song",2,"Nina Simone, Billie Holiday","https://www.dropbox.com/scl/fi/3wutj2zelwo6x305m4def/1.png?rlkey=0ek6mbo8smvaidcf7mxszseoc&raw=1"
"harlem renaissance",2,"Billie Holiday, Louis Armstrong","https://www.dropbox.com/scl/fi/3wutj2zelwo6x305m4def/1.png?rlkey=0ek6mbo8smvaidcf7mxszseoc&raw=1"
"battle rap",2,"Beanie Sigel, Swizz Beatz","https://www.dropbox.com/scl/fi/3wutj2zelwo6x305m4def/1.png?rlkey=0ek6mbo8smvaidcf7mxszseoc&raw=1"
"kizomba",2,"Kizomba da Boa, Soarito","https://www.dropbox.com/scl/fi/3wutj2zelwo6x305m4def/1.png?rlkey=0ek6mbo8smvaidcf7mxszseoc&raw=1"
"musica angolana",2,"Kizomba da Boa, Soarito","https://www.dropbox.com/scl/fi/3wutj2zelwo6x305m4def/1.png?rlkey=0ek6mbo8smvaidcf7mxszseoc&raw=1"
"scandinavian r&b",1,"Snoh Aalegra","https://www.dropbox.com/scl/fi/3wutj2zelwo6x305m4def/1.png?rlkey=0ek6mbo8smvaidcf7mxszseoc&raw=1"
"swedish soul",1,"Snoh Aalegra","https://www.dropbox.com/scl/fi/3wutj2zelwo6x305m4def/1.png?rlkey=0ek6mbo8smvaidcf7mxszseoc&raw=1"
"kentucky hip hop",1,"Bryson Tiller","https://www.dropbox.com/scl/fi/3wutj2zelwo6x305m4def/1.png?rlkey=0ek6mbo8smvaidcf7mxszseoc&raw=1"
"mississippi hip hop",1,"Big K.R.I.T.","https://www.dropbox.com/scl/fi/3wutj2zelwo6x305m4def/1.png?rlkey=0ek6mbo8smvaidcf7mxszseoc&raw=1"
"doo-wop",1,"The Flamingos","https://www.dropbox.com/scl/fi/3wutj2zelwo6x305m4def/1.png?rlkey=0ek6mbo8smvaidcf7mxszseoc&raw=1"
"reggae fusion",1,"Shabba Ranks","https://www.dropbox.com/scl/fi/3wutj2zelwo6x305m4def/1.png?rlkey=0ek6mbo8smvaidcf7mxszseoc&raw=1"
"popping",1,"Cameo","https://www.dropbox.com/scl/fi/3wutj2zelwo6x305m4def/1.png?rlkey=0ek6mbo8smvaidcf7mxszseoc&raw=1"
"new romantic",1,"Belinda Carlisle","https://www.dropbox.com/scl/fi/3wutj2zelwo6x305m4def/1.png?rlkey=0ek6mbo8smvaidcf7mxszseoc&raw=1"
"sophisti-pop",1,"Sade","https://www.dropbox.com/scl/fi/3wutj2zelwo6x305m4def/1.png?rlkey=0ek6mbo8smvaidcf7mxszseoc&raw=1"
"singaporean pop",1,"Sezairi","https://www.dropbox.com/scl/fi/3wutj2zelwo6x305m4def/1.png?rlkey=0ek6mbo8smvaidcf7mxszseoc&raw=1"
"singaporean singer-songwriter",1,"Sezairi","https://www.dropbox.com/scl/fi/3wutj2zelwo6x305m4def/1.png?rlkey=0ek6mbo8smvaidcf7mxszseoc&raw=1"
"barbadian pop",1,"Rihanna","https://www.dropbox.com/scl/fi/3wutj2zelwo6x305m4def/1.png?rlkey=0ek6mbo8smvaidcf7mxszseoc&raw=1"
"k-pop boy group",1,"BTS","https://www.dropbox.com/scl/fi/3wutj2zelwo6x305m4def/1.png?rlkey=0ek6mbo8smvaidcf7mxszseoc&raw=1"
"funk rock",1,"Prince","https://www.dropbox.com/scl/fi/3wutj2zelwo6x305m4def/1.png?rlkey=0ek6mbo8smvaidcf7mxszseoc&raw=1"
"australian pop",1,"The Veronicas","https://www.dropbox.com/scl/fi/3wutj2zelwo6x305m4def/1.png?rlkey=0ek6mbo8smvaidcf7mxszseoc&raw=1"
"modern blues",1,"Leon Bridges","https://www.dropbox.com/scl/fi/3wutj2zelwo6x305m4def/1.png?rlkey=0ek6mbo8smvaidcf7mxszseoc&raw=1"
"dream pop",1,"The xx","https://www.dropbox.com/scl/fi/3wutj2zelwo6x305m4def/1.png?rlkey=0ek6mbo8smvaidcf7mxszseoc&raw=1"
"tennessee hip hop",1,"Yo Gotti","https://www.dropbox.com/scl/fi/3wutj2zelwo6x305m4def/1.png?rlkey=0ek6mbo8smvaidcf7mxszseoc&raw=1"
"south carolina hip hop",1,"USHER","https://www.dropbox.com/scl/fi/3wutj2zelwo6x305m4def/1.png?rlkey=0ek6mbo8smvaidcf7mxszseoc&raw=1"
"rap kreyol",1,"Wyclef Jean","https://www.dropbox.com/scl/fi/3wutj2zelwo6x305m4def/1.png?rlkey=0ek6mbo8smvaidcf7mxszseoc&raw=1"
"piano rock",1,"A Great Big World","https://www.dropbox.com/scl/fi/3wutj2zelwo6x305m4def/1.png?rlkey=0ek6mbo8smvaidcf7mxszseoc&raw=1"
"viral pop",1,"A Great Big World","https://www.dropbox.com/scl/fi/3wutj2zelwo6x305m4def/1.png?rlkey=0ek6mbo8smvaidcf7mxszseoc&raw=1"
"uk dance",1,"GRADES","https://www.dropbox.com/scl/fi/3wutj2zelwo6x305m4def/1.png?rlkey=0ek6mbo8smvaidcf7mxszseoc&raw=1"
"australian metalcore",1,"Hands Like Houses","https://www.dropbox.com/scl/fi/3wutj2zelwo6x305m4def/1.png?rlkey=0ek6mbo8smvaidcf7mxszseoc&raw=1"
"australian post-hardcore",1,"Hands Like Houses","https://www.dropbox.com/scl/fi/3wutj2zelwo6x305m4def/1.png?rlkey=0ek6mbo8smvaidcf7mxszseoc&raw=1"
"metalcore",1,"Hands Like Houses","https://www.dropbox.com/scl/fi/3wutj2zelwo6x305m4def/1.png?rlkey=0ek6mbo8smvaidcf7mxszseoc&raw=1"
"screamo",1,"Hands Like Houses","https://www.dropbox.com/scl/fi/3wutj2zelwo6x305m4def/1.png?rlkey=0ek6mbo8smvaidcf7mxszseoc&raw=1"
"shiver pop",1,"Glass Animals","https://www.dropbox.com/scl/fi/3wutj2zelwo6x305m4def/1.png?rlkey=0ek6mbo8smvaidcf7mxszseoc&raw=1"
"british indie rock",1,"Blossoms","https://www.dropbox.com/scl/fi/3wutj2zelwo6x305m4def/1.png?rlkey=0ek6mbo8smvaidcf7mxszseoc&raw=1"
"english indie rock",1,"Blossoms","https://www.dropbox.com/scl/fi/3wutj2zelwo6x305m4def/1.png?rlkey=0ek6mbo8smvaidcf7mxszseoc&raw=1"
"emo",1,"Fall Out Boy","https://www.dropbox.com/scl/fi/3wutj2zelwo6x305m4def/1.png?rlkey=0ek6mbo8smvaidcf7mxszseoc&raw=1"
"dark pop",1,"VÉRITÉ","https://www.dropbox.com/scl/fi/3wutj2zelwo6x305m4def/1.png?rlkey=0ek6mbo8smvaidcf7mxszseoc&raw=1"
"vapor pop",1,"VÉRITÉ","https://www.dropbox.com/scl/fi/3wutj2zelwo6x305m4def/1.png?rlkey=0ek6mbo8smvaidcf7mxszseoc&raw=1"
"chillstep",1,"Crywolf","https://www.dropbox.com/scl/fi/3wutj2zelwo6x305m4def/1.png?rlkey=0ek6mbo8smvaidcf7mxszseoc&raw=1"
"electro house",1,"Kaskade","https://www.dropbox.com/scl/fi/3wutj2zelwo6x305m4def/1.png?rlkey=0ek6mbo8smvaidcf7mxszseoc&raw=1"
"progressive electro house",1,"Kaskade","https://www.dropbox.com/scl/fi/3wutj2zelwo6x305m4def/1.png?rlkey=0ek6mbo8smvaidcf7mxszseoc&raw=1"
"progressive house",1,"Kaskade","https://www.dropbox.com/scl/fi/3wutj2zelwo6x305m4def/1.png?rlkey=0ek6mbo8smvaidcf7mxszseoc&raw=1"
"malaysian pop",1,"Yuna","https://www.dropbox.com/scl/fi/3wutj2zelwo6x305m4def/1.png?rlkey=0ek6mbo8smvaidcf7mxszseoc&raw=1"
"ambient worship",1,"Sleeping At Last","https://www.dropbox.com/scl/fi/3wutj2zelwo6x305m4def/1.png?rlkey=0ek6mbo8smvaidcf7mxszseoc&raw=1"
"beatlesque",1,"Oasis","https://www.dropbox.com/scl/fi/3wutj2zelwo6x305m4def/1.png?rlkey=0ek6mbo8smvaidcf7mxszseoc&raw=1"
"madchester",1,"Oasis","https://www.dropbox.com/scl/fi/3wutj2zelwo6x305m4def/1.png?rlkey=0ek6mbo8smvaidcf7mxszseoc&raw=1"
"modern indie folk",1,"Hollow Coves","https://www.dropbox.com/scl/fi/3wutj2zelwo6x305m4def/1.png?rlkey=0ek6mbo8smvaidcf7mxszseoc&raw=1"
"etherpop",1,"Alina Baraz","https://www.dropbox.com/scl/fi/3wutj2zelwo6x305m4def/1.png?rlkey=0ek6mbo8smvaidcf7mxszseoc&raw=1"
"vapor twitch",1,"Galimatias","https://www.dropbox.com/scl/fi/3wutj2zelwo6x305m4def/1.png?rlkey=0ek6mbo8smvaidcf7mxszseoc&raw=1"
"british invasion",1,"The Beatles","https://www.dropbox.com/scl/fi/3wutj2zelwo6x305m4def/1.png?rlkey=0ek6mbo8smvaidcf7mxszseoc&raw=1"
"merseybeat",1,"The Beatles","https://www.dropbox.com/scl/fi/3wutj2zelwo6x305m4def/1.png?rlkey=0ek6mbo8smvaidcf7mxszseoc&raw=1"
"psychedelic rock",1,"The Beatles","https://www.dropbox.com/scl/fi/3wutj2zelwo6x305m4def/1.png?rlkey=0ek6mbo8smvaidcf7mxszseoc&raw=1"
"modern salsa",1,"Mauro Castillo","https://www.dropbox.com/scl/fi/3wutj2zelwo6x305m4def/1.png?rlkey=0ek6mbo8smvaidcf7mxszseoc&raw=1"
"salsa colombiana",1,"Mauro Castillo","https://www.dropbox.com/scl/fi/3wutj2zelwo6x305m4def/1.png?rlkey=0ek6mbo8smvaidcf7mxszseoc&raw=1"
"jump blues",1,"Louis Prima","https://www.dropbox.com/scl/fi/3wutj2zelwo6x305m4def/1.png?rlkey=0ek6mbo8smvaidcf7mxszseoc&raw=1"
"rock drums",1,"Phil Collins","https://www.dropbox.com/scl/fi/3wutj2zelwo6x305m4def/1.png?rlkey=0ek6mbo8smvaidcf7mxszseoc&raw=1"
"country rock",1,"Bob Dylan","https://www.dropbox.com/scl/fi/3wutj2zelwo6x305m4def/1.png?rlkey=0ek6mbo8smvaidcf7mxszseoc&raw=1"
"roots rock",1,"Bob Dylan","https://www.dropbox.com/scl/fi/3wutj2zelwo6x305m4def/1.png?rlkey=0ek6mbo8smvaidcf7mxszseoc&raw=1"
"seattle indie",1,"Death Cab for Cutie","https://www.dropbox.com/scl/fi/3wutj2zelwo6x305m4def/1.png?rlkey=0ek6mbo8smvaidcf7mxszseoc&raw=1"
"washington indie",1,"Death Cab for Cutie","https://www.dropbox.com/scl/fi/3wutj2zelwo6x305m4def/1.png?rlkey=0ek6mbo8smvaidcf7mxszseoc&raw=1"
"scam rap",1,"City Girls","https://www.dropbox.com/scl/fi/3wutj2zelwo6x305m4def/1.png?rlkey=0ek6mbo8smvaidcf7mxszseoc&raw=1"
"country gospel",1,"Jimmie Davis","https://www.dropbox.com/scl/fi/3wutj2zelwo6x305m4def/1.png?rlkey=0ek6mbo8smvaidcf7mxszseoc&raw=1"
"traditional country",1,"Jimmie Davis","https://www.dropbox.com/scl/fi/3wutj2zelwo6x305m4def/1.png?rlkey=0ek6mbo8smvaidcf7mxszseoc&raw=1"
"western swing",1,"Jimmie Davis","https://www.dropbox.com/scl/fi/3wutj2zelwo6x305m4def/1.png?rlkey=0ek6mbo8smvaidcf7mxszseoc&raw=1"
"neo-synthpop",1,"Robyn","https://www.dropbox.com/scl/fi/3wutj2zelwo6x305m4def/1.png?rlkey=0ek6mbo8smvaidcf7mxszseoc&raw=1"
"scandipop",1,"Robyn","https://www.dropbox.com/scl/fi/3wutj2zelwo6x305m4def/1.png?rlkey=0ek6mbo8smvaidcf7mxszseoc&raw=1"
"swedish electropop",1,"Robyn","https://www.dropbox.com/scl/fi/3wutj2zelwo6x305m4def/1.png?rlkey=0ek6mbo8smvaidcf7mxszseoc&raw=1"
"swedish pop",1,"Robyn","https://www.dropbox.com/scl/fi/3wutj2zelwo6x305m4def/1.png?rlkey=0ek6mbo8smvaidcf7mxszseoc&raw=1"
"azonto",1,"Wizkid","https://www.dropbox.com/scl/fi/3wutj2zelwo6x305m4def/1.png?rlkey=0ek6mbo8smvaidcf7mxszseoc&raw=1"
"nigerian hip hop",1,"Wizkid","https://www.dropbox.com/scl/fi/3wutj2zelwo6x305m4def/1.png?rlkey=0ek6mbo8smvaidcf7mxszseoc&raw=1"
"alte",1,"Tems","https://www.dropbox.com/scl/fi/3wutj2zelwo6x305m4def/1.png?rlkey=0ek6mbo8smvaidcf7mxszseoc&raw=1"
"gospel reggae",1,"Glacia Robinson","https://www.dropbox.com/scl/fi/3wutj2zelwo6x305m4def/1.png?rlkey=0ek6mbo8smvaidcf7mxszseoc&raw=1"
"ska",1,"Toots & The Maytals","https://www.dropbox.com/scl/fi/3wutj2zelwo6x305m4def/1.png?rlkey=0ek6mbo8smvaidcf7mxszseoc&raw=1"
"classic girl group",1,"The Supremes","https://www.dropbox.com/scl/fi/3wutj2zelwo6x305m4def/1.png?rlkey=0ek6mbo8smvaidcf7mxszseoc&raw=1"
"experimental r&b",1,"FKA twigs","https://www.dropbox.com/scl/fi/3wutj2zelwo6x305m4def/1.png?rlkey=0ek6mbo8smvaidcf7mxszseoc&raw=1"
"instrumental soul",1,"Ramsey Lewis","https://www.dropbox.com/scl/fi/3wutj2zelwo6x305m4def/1.png?rlkey=0ek6mbo8smvaidcf7mxszseoc&raw=1"
"jazz piano",1,"Ramsey Lewis","https://www.dropbox.com/scl/fi/3wutj2zelwo6x305m4def/1.png?rlkey=0ek6mbo8smvaidcf7mxszseoc&raw=1"
"acoustic guitar cover",1,"Guus Dielissen","https://www.dropbox.com/scl/fi/3wutj2zelwo6x305m4def/1.png?rlkey=0ek6mbo8smvaidcf7mxszseoc&raw=1"
"classical era",1,"Ludwig van Beethoven","https://www.dropbox.com/scl/fi/3wutj2zelwo6x305m4def/1.png?rlkey=0ek6mbo8smvaidcf7mxszseoc&raw=1"
"early romantic era",1,"Ludwig van Beethoven","https://www.dropbox.com/scl/fi/3wutj2zelwo6x305m4def/1.png?rlkey=0ek6mbo8smvaidcf7mxszseoc&raw=1"
"german romanticism",1,"Ludwig van Beethoven","https://www.dropbox.com/scl/fi/3wutj2zelwo6x305m4def/1.png?rlkey=0ek6mbo8smvaidcf7mxszseoc&raw=1"
"classical piano",1,"Jenő Jandó","https://www.dropbox.com/scl/fi/3wutj2zelwo6x305m4def/1.png?rlkey=0ek6mbo8smvaidcf7mxszseoc&raw=1"
"hungarian classical performance",1,"Jenő Jandó","https://www.dropbox.com/scl/fi/3wutj2zelwo6x305m4def/1.png?rlkey=0ek6mbo8smvaidcf7mxszseoc&raw=1"
"hungarian classical piano",1,"Jenő Jandó","https://www.dropbox.com/scl/fi/3wutj2zelwo6x305m4def/1.png?rlkey=0ek6mbo8smvaidcf7mxszseoc&raw=1"
"baroque",1,"Johann Sebastian Bach","https://www.dropbox.com/scl/fi/3wutj2zelwo6x305m4def/1.png?rlkey=0ek6mbo8smvaidcf7mxszseoc&raw=1"
"early music",1,"Johann Sebastian Bach","https://www.dropbox.com/scl/fi/3wutj2zelwo6x305m4def/1.png?rlkey=0ek6mbo8smvaidcf7mxszseoc&raw=1"
"german baroque",1,"Johann Sebastian Bach","https://www.dropbox.com/scl/fi/3wutj2zelwo6x305m4def/1.png?rlkey=0ek6mbo8smvaidcf7mxszseoc&raw=1"
"chamber ensemble",1,"Yo-Yo Ma","https://www.dropbox.com/scl/fi/3wutj2zelwo6x305m4def/1.png?rlkey=0ek6mbo8smvaidcf7mxszseoc&raw=1"
"classical cello",1,"Yo-Yo Ma","https://www.dropbox.com/scl/fi/3wutj2zelwo6x305m4def/1.png?rlkey=0ek6mbo8smvaidcf7mxszseoc&raw=1"
"classical performance",1,"Yo-Yo Ma","https://www.dropbox.com/scl/fi/3wutj2zelwo6x305m4def/1.png?rlkey=0ek6mbo8smvaidcf7mxszseoc&raw=1"
"harlem hip hop",1,"Mase","https://www.dropbox.com/scl/fi/3wutj2zelwo6x305m4def/1.png?rlkey=0ek6mbo8smvaidcf7mxszseoc&raw=1"
"brill building pop",1,"Neil Diamond","https://www.dropbox.com/scl/fi/3wutj2zelwo6x305m4def/1.png?rlkey=0ek6mbo8smvaidcf7mxszseoc&raw=1"
"yacht rock",1,"Neil Diamond","https://www.dropbox.com/scl/fi/3wutj2zelwo6x305m4def/1.png?rlkey=0ek6mbo8smvaidcf7mxszseoc&raw=1"
"chicago punk",1,"Superchick","https://www.dropbox.com/scl/fi/3wutj2zelwo6x305m4def/1.png?rlkey=0ek6mbo8smvaidcf7mxszseoc&raw=1"
"classic canadian rock",1,"The Archies","https://www.dropbox.com/scl/fi/3wutj2zelwo6x305m4def/1.png?rlkey=0ek6mbo8smvaidcf7mxszseoc&raw=1"
"rhythm and blues",1,"Brook Benton","https://www.dropbox.com/scl/fi/3wutj2zelwo6x305m4def/1.png?rlkey=0ek6mbo8smvaidcf7mxszseoc&raw=1"
"chicago drill",1,"Lil Durk","https://www.dropbox.com/scl/fi/3wutj2zelwo6x305m4def/1.png?rlkey=0ek6mbo8smvaidcf7mxszseoc&raw=1"
"indie pop rap",1,"G-Eazy","https://www.dropbox.com/scl/fi/3wutj2zelwo6x305m4def/1.png?rlkey=0ek6mbo8smvaidcf7mxszseoc&raw=1"
"dong-yo",1,"Pinkfong","https://www.dropbox.com/scl/fi/3wutj2zelwo6x305m4def/1.png?rlkey=0ek6mbo8smvaidcf7mxszseoc&raw=1"
"atl trap",1,"Lil Baby","https://www.dropbox.com/scl/fi/3wutj2zelwo6x305m4def/1.png?rlkey=0ek6mbo8smvaidcf7mxszseoc&raw=1"
"modern dream pop",1,"The Japanese House","https://www.dropbox.com/scl/fi/3wutj2zelwo6x305m4def/1.png?rlkey=0ek6mbo8smvaidcf7mxszseoc&raw=1"
"la indie",1,"Bad Suns","https://www.dropbox.com/scl/fi/3wutj2zelwo6x305m4def/1.png?rlkey=0ek6mbo8smvaidcf7mxszseoc&raw=1"
"tempe indie",1,"The Maine","https://www.dropbox.com/scl/fi/3wutj2zelwo6x305m4def/1.png?rlkey=0ek6mbo8smvaidcf7mxszseoc&raw=1"
"gaming edm",1,"Cartoon","https://www.dropbox.com/scl/fi/3wutj2zelwo6x305m4def/1.png?rlkey=0ek6mbo8smvaidcf7mxszseoc&raw=1"
"new school turkce rap",1,"Coleman Trapp","https://www.dropbox.com/scl/fi/3wutj2zelwo6x305m4def/1.png?rlkey=0ek6mbo8smvaidcf7mxszseoc&raw=1"
"indie triste",1,"KIRBY","https://www.dropbox.com/scl/fi/3wutj2zelwo6x305m4def/1.png?rlkey=0ek6mbo8smvaidcf7mxszseoc&raw=1"
"shimmer pop",1,"Rhye","https://www.dropbox.com/scl/fi/3wutj2zelwo6x305m4def/1.png?rlkey=0ek6mbo8smvaidcf7mxszseoc&raw=1"
"bronx hip hop",1,"Big Pun","https://www.dropbox.com/scl/fi/3wutj2zelwo6x305m4def/1.png?rlkey=0ek6mbo8smvaidcf7mxszseoc&raw=1"
"st louis rap",1,"Nelly","https://www.dropbox.com/scl/fi/3wutj2zelwo6x305m4def/1.png?rlkey=0ek6mbo8smvaidcf7mxszseoc&raw=1"
"bounce",1,"Big Freedia","https://www.dropbox.com/scl/fi/3wutj2zelwo6x305m4def/1.png?rlkey=0ek6mbo8smvaidcf7mxszseoc&raw=1"
"alternative metal",1,"Five Finger Death Punch","https://www.dropbox.com/scl/fi/3wutj2zelwo6x305m4def/1.png?rlkey=0ek6mbo8smvaidcf7mxszseoc&raw=1"
"groove metal",1,"Five Finger Death Punch","https://www.dropbox.com/scl/fi/3wutj2zelwo6x305m4def/1.png?rlkey=0ek6mbo8smvaidcf7mxszseoc&raw=1"
"nu metal",1,"Five Finger Death Punch","https://www.dropbox.com/scl/fi/3wutj2zelwo6x305m4def/1.png?rlkey=0ek6mbo8smvaidcf7mxszseoc&raw=1"
"glee club",1,"Glee Cast","https://www.dropbox.com/scl/fi/3wutj2zelwo6x305m4def/1.png?rlkey=0ek6mbo8smvaidcf7mxszseoc&raw=1"
"bow pop",1,"2CELLOS","https://www.dropbox.com/scl/fi/3wutj2zelwo6x305m4def/1.png?rlkey=0ek6mbo8smvaidcf7mxszseoc&raw=1"
"cello",1,"2CELLOS","https://www.dropbox.com/scl/fi/3wutj2zelwo6x305m4def/1.png?rlkey=0ek6mbo8smvaidcf7mxszseoc&raw=1"
"string duo",1,"2CELLOS","https://www.dropbox.com/scl/fi/3wutj2zelwo6x305m4def/1.png?rlkey=0ek6mbo8smvaidcf7mxszseoc&raw=1"
"dfw rap",1,"Post Malone","https://www.dropbox.com/scl/fi/3wutj2zelwo6x305m4def/1.png?rlkey=0ek6mbo8smvaidcf7mxszseoc&raw=1"
"instrumental hip hop",1,"Bonobo","https://www.dropbox.com/scl/fi/3wutj2zelwo6x305m4def/1.png?rlkey=0ek6mbo8smvaidcf7mxszseoc&raw=1"
"jazztronica",1,"Bonobo","https://www.dropbox.com/scl/fi/3wutj2zelwo6x305m4def/1.png?rlkey=0ek6mbo8smvaidcf7mxszseoc&raw=1"
"nu jazz",1,"Bonobo","https://www.dropbox.com/scl/fi/3wutj2zelwo6x305m4def/1.png?rlkey=0ek6mbo8smvaidcf7mxszseoc&raw=1"
"neo r&b",1,"Jordan Rakei","https://www.dropbox.com/scl/fi/3wutj2zelwo6x305m4def/1.png?rlkey=0ek6mbo8smvaidcf7mxszseoc&raw=1"
"children's choir",1,"The Boys Choir Of Harlem","https://www.dropbox.com/scl/fi/3wutj2zelwo6x305m4def/1.png?rlkey=0ek6mbo8smvaidcf7mxszseoc&raw=1"
"irish rock",1,"Two Door Cinema Club","https://www.dropbox.com/scl/fi/3wutj2zelwo6x305m4def/1.png?rlkey=0ek6mbo8smvaidcf7mxszseoc&raw=1"
"northern irish indie",1,"Two Door Cinema Club","https://www.dropbox.com/scl/fi/3wutj2zelwo6x305m4def/1.png?rlkey=0ek6mbo8smvaidcf7mxszseoc&raw=1"
"colombian pop",1,"Kali Uchis","https://www.dropbox.com/scl/fi/3wutj2zelwo6x305m4def/1.png?rlkey=0ek6mbo8smvaidcf7mxszseoc&raw=1"
"lovers rock",1,"Marcia Griffiths","https://www.dropbox.com/scl/fi/3wutj2zelwo6x305m4def/1.png?rlkey=0ek6mbo8smvaidcf7mxszseoc&raw=1"
"rocksteady",1,"Marcia Griffiths","https://www.dropbox.com/scl/fi/3wutj2zelwo6x305m4def/1.png?rlkey=0ek6mbo8smvaidcf7mxszseoc&raw=1"
"atlanta bass",1,"Lil Jon & The East Side Boyz","https://www.dropbox.com/scl/fi/3wutj2zelwo6x305m4def/1.png?rlkey=0ek6mbo8smvaidcf7mxszseoc&raw=1"
"philly soul",1,"McFadden & Whitehead","https://www.dropbox.com/scl/fi/3wutj2zelwo6x305m4def/1.png?rlkey=0ek6mbo8smvaidcf7mxszseoc&raw=1"
"florida drill",1,"Kodak Black","https://www.dropbox.com/scl/fi/3wutj2zelwo6x305m4def/1.png?rlkey=0ek6mbo8smvaidcf7mxszseoc&raw=1"
"florida rap",1,"Kodak Black","https://www.dropbox.com/scl/fi/3wutj2zelwo6x305m4def/1.png?rlkey=0ek6mbo8smvaidcf7mxszseoc&raw=1"
"trap latino",1,"Kodak Black","https://www.dropbox.com/scl/fi/3wutj2zelwo6x305m4def/1.png?rlkey=0ek6mbo8smvaidcf7mxszseoc&raw=1"
"norwegian pop",1,"AURORA","https://www.dropbox.com/scl/fi/3wutj2zelwo6x305m4def/1.png?rlkey=0ek6mbo8smvaidcf7mxszseoc&raw=1"
"vegas indie",1,"The Cab","https://www.dropbox.com/scl/fi/3wutj2zelwo6x305m4def/1.png?rlkey=0ek6mbo8smvaidcf7mxszseoc&raw=1"
"pop quebecois",1,"Tyler Shaw","https://www.dropbox.com/scl/fi/3wutj2zelwo6x305m4def/1.png?rlkey=0ek6mbo8smvaidcf7mxszseoc&raw=1"
"glam rock",1,"Queen","https://www.dropbox.com/scl/fi/3wutj2zelwo6x305m4def/1.png?rlkey=0ek6mbo8smvaidcf7mxszseoc&raw=1"
"north carolina hip hop",1,"J. Cole","https://www.dropbox.com/scl/fi/3wutj2zelwo6x305m4def/1.png?rlkey=0ek6mbo8smvaidcf7mxszseoc&raw=1"
"anthem emo",1,"Speak Low","https://www.dropbox.com/scl/fi/3wutj2zelwo6x305m4def/1.png?rlkey=0ek6mbo8smvaidcf7mxszseoc&raw=1"
"south african jazz",1,"Vusi Mahlasela","https://www.dropbox.com/scl/fi/3wutj2zelwo6x305m4def/1.png?rlkey=0ek6mbo8smvaidcf7mxszseoc&raw=1"
"orchestral soundtrack",1,"John Williams","https://www.dropbox.com/scl/fi/3wutj2zelwo6x305m4def/1.png?rlkey=0ek6mbo8smvaidcf7mxszseoc&raw=1"
"soundtrack",1,"John Williams","https://www.dropbox.com/scl/fi/3wutj2zelwo6x305m4def/1.png?rlkey=0ek6mbo8smvaidcf7mxszseoc&raw=1"
"irish pop",1,"Dermot Kennedy","https://www.dropbox.com/scl/fi/3wutj2zelwo6x305m4def/1.png?rlkey=0ek6mbo8smvaidcf7mxszseoc&raw=1"
"complextro",1,"Zedd","https://www.dropbox.com/scl/fi/3wutj2zelwo6x305m4def/1.png?rlkey=0ek6mbo8smvaidcf7mxszseoc&raw=1"
"german techno",1,"Zedd","https://www.dropbox.com/scl/fi/3wutj2zelwo6x305m4def/1.png?rlkey=0ek6mbo8smvaidcf7mxszseoc&raw=1"
"ghanaian hip hop",1,"Jidenna","https://www.dropbox.com/scl/fi/3wutj2zelwo6x305m4def/1.png?rlkey=0ek6mbo8smvaidcf7mxszseoc&raw=1"
"viral trap",1,"Jidenna","https://www.dropbox.com/scl/fi/3wutj2zelwo6x305m4def/1.png?rlkey=0ek6mbo8smvaidcf7mxszseoc&raw=1"
"contemporary country",1,"Mickey Guyton","https://www.dropbox.com/scl/fi/3wutj2zelwo6x305m4def/1.png?rlkey=0ek6mbo8smvaidcf7mxszseoc&raw=1"
"country pop",1,"Mickey Guyton","https://www.dropbox.com/scl/fi/3wutj2zelwo6x305m4def/1.png?rlkey=0ek6mbo8smvaidcf7mxszseoc&raw=1"
"classic country pop",1,"Dolly Parton","https://www.dropbox.com/scl/fi/3wutj2zelwo6x305m4def/1.png?rlkey=0ek6mbo8smvaidcf7mxszseoc&raw=1"
"country",1,"Dolly Parton","https://www.dropbox.com/scl/fi/3wutj2zelwo6x305m4def/1.png?rlkey=0ek6mbo8smvaidcf7mxszseoc&raw=1"
"country dawn",1,"Dolly Parton","https://www.dropbox.com/scl/fi/3wutj2zelwo6x305m4def/1.png?rlkey=0ek6mbo8smvaidcf7mxszseoc&raw=1"
"melancholia",1,"Bright Eyes","https://www.dropbox.com/scl/fi/3wutj2zelwo6x305m4def/1.png?rlkey=0ek6mbo8smvaidcf7mxszseoc&raw=1"
"omaha indie",1,"Bright Eyes","https://www.dropbox.com/scl/fi/3wutj2zelwo6x305m4def/1.png?rlkey=0ek6mbo8smvaidcf7mxszseoc&raw=1"
"stomp and holler",1,"Bright Eyes","https://www.dropbox.com/scl/fi/3wutj2zelwo6x305m4def/1.png?rlkey=0ek6mbo8smvaidcf7mxszseoc&raw=1"
"contemporary vocal jazz",1,"Somi","https://www.dropbox.com/scl/fi/3wutj2zelwo6x305m4def/1.png?rlkey=0ek6mbo8smvaidcf7mxszseoc&raw=1"
"la pop",1,"Joy Oladokun","https://www.dropbox.com/scl/fi/3wutj2zelwo6x305m4def/1.png?rlkey=0ek6mbo8smvaidcf7mxszseoc&raw=1"
"australian children's music",1,"Bluey","https://www.dropbox.com/scl/fi/3wutj2zelwo6x305m4def/1.png?rlkey=0ek6mbo8smvaidcf7mxszseoc&raw=1"
"baroque pop",1,"Brian Wilson","https://www.dropbox.com/scl/fi/3wutj2zelwo6x305m4def/1.png?rlkey=0ek6mbo8smvaidcf7mxszseoc&raw=1"
"sunshine pop",1,"Brian Wilson","https://www.dropbox.com/scl/fi/3wutj2zelwo6x305m4def/1.png?rlkey=0ek6mbo8smvaidcf7mxszseoc&raw=1"
"k-pop girl group",1,"BLACKPINK","https://www.dropbox.com/scl/fi/3wutj2zelwo6x305m4def/1.png?rlkey=0ek6mbo8smvaidcf7mxszseoc&raw=1"
"preschool children's music",1,"The Kiboomers","https://www.dropbox.com/scl/fi/3wutj2zelwo6x305m4def/1.png?rlkey=0ek6mbo8smvaidcf7mxszseoc&raw=1"
"singeli",1,"Makaveli","https://www.dropbox.com/scl/fi/3wutj2zelwo6x305m4def/1.png?rlkey=0ek6mbo8smvaidcf7mxszseoc&raw=1"
"europop",1,"Dido","https://www.dropbox.com/scl/fi/3wutj2zelwo6x305m4def/1.png?rlkey=0ek6mbo8smvaidcf7mxszseoc&raw=1"
"dutch r&b",1,"Naomi Sharon","https://www.dropbox.com/scl/fi/3wutj2zelwo6x305m4def/1.png?rlkey=0ek6mbo8smvaidcf7mxszseoc&raw=1"
"northern soul",1,"Marvin Gaye","https://www.dropbox.com/scl/fi/3wutj2zelwo6x305m4def/1.png?rlkey=0ek6mbo8smvaidcf7mxszseoc&raw=1"
"brit funk",1,"Loose Ends","https://www.dropbox.com/scl/fi/3wutj2zelwo6x305m4def/1.png?rlkey=0ek6mbo8smvaidcf7mxszseoc&raw=1"
"jazz pop",1,"Tom Misch","https://www.dropbox.com/scl/fi/3wutj2zelwo6x305m4def/1.png?rlkey=0ek6mbo8smvaidcf7mxszseoc&raw=1"
"british jazz",1,"Yussef Dayes","https://www.dropbox.com/scl/fi/3wutj2zelwo6x305m4def/1.png?rlkey=0ek6mbo8smvaidcf7mxszseoc&raw=1"
"indiana hip hop",1,"Freddie Gibbs","https://www.dropbox.com/scl/fi/3wutj2zelwo6x305m4def/1.png?rlkey=0ek6mbo8smvaidcf7mxszseoc&raw=1"
"french pop",1,"Yseult","https://www.dropbox.com/scl/fi/3wutj2zelwo6x305m4def/1.png?rlkey=0ek6mbo8smvaidcf7mxszseoc&raw=1"
"r&b francais",1,"Yseult","https://www.dropbox.com/scl/fi/3wutj2zelwo6x305m4def/1.png?rlkey=0ek6mbo8smvaidcf7mxszseoc&raw=1"
"latinx alternative",1,"Thee Sacred Souls","https://www.dropbox.com/scl/fi/3wutj2zelwo6x305m4def/1.png?rlkey=0ek6mbo8smvaidcf7mxszseoc&raw=1"
"souldies",1,"Thee Sacred Souls","https://www.dropbox.com/scl/fi/3wutj2zelwo6x305m4def/1.png?rlkey=0ek6mbo8smvaidcf7mxszseoc&raw=1"
"dixieland",1,"Louis Armstrong","https://www.dropbox.com/scl/fi/3wutj2zelwo6x305m4def/1.png?rlkey=0ek6mbo8smvaidcf7mxszseoc&raw=1"
"jazz trumpet",1,"Louis Armstrong","https://www.dropbox.com/scl/fi/3wutj2zelwo6x305m4def/1.png?rlkey=0ek6mbo8smvaidcf7mxszseoc&raw=1"
"new orleans jazz",1,"Louis Armstrong","https://www.dropbox.com/scl/fi/3wutj2zelwo6x305m4def/1.png?rlkey=0ek6mbo8smvaidcf7mxszseoc&raw=1"
"rap angolano",1,"Soarito","https://www.dropbox.com/scl/fi/3wutj2zelwo6x305m4def/1.png?rlkey=0ek6mbo8smvaidcf7mxszseoc&raw=1"
"musica mocambicana",1,"Mark Exodus","https://www.dropbox.com/scl/fi/3wutj2zelwo6x305m4def/1.png?rlkey=0ek6mbo8smvaidcf7mxszseoc&raw=1"
"rap mocambicana",1,"Mark Exodus","https://www.dropbox.com/scl/fi/3wutj2zelwo6x305m4def/1.png?rlkey=0ek6mbo8smvaidcf7mxszseoc&raw=1"
"soul blues",1,"Bobby ""Blue"" Bland","https://www.dropbox.com/scl/fi/3wutj2zelwo6x305m4def/1.png?rlkey=0ek6mbo8smvaidcf7mxszseoc&raw=1"
"nz pop",1,"TEEKS","https://www.dropbox.com/scl/fi/3wutj2zelwo6x305m4def/1.png?rlkey=0ek6mbo8smvaidcf7mxszseoc&raw=1"
"latin arena pop",1,"Belinda","https://www.dropbox.com/scl/fi/3wutj2zelwo6x305m4def/1.png?rlkey=0ek6mbo8smvaidcf7mxszseoc&raw=1"
"latin pop",1,"Belinda","https://www.dropbox.com/scl/fi/3wutj2zelwo6x305m4def/1.png?rlkey=0ek6mbo8smvaidcf7mxszseoc&raw=1"
"mexican pop",1,"Belinda","https://www.dropbox.com/scl/fi/3wutj2zelwo6x305m4def/1.png?rlkey=0ek6mbo8smvaidcf7mxszseoc&raw=1"
